timestamp_utc,time_elapsed_s,message_type,t_raw,v_volts,i_mA,state,temp_celsius,message
2026-04-17T13:56:34.794014,0.050,telemetry,1143460,103.000,0.000,0,25.000,"T:1143460, V:103, I:0 mA, Temp:25.00 C, STATE:0"
2026-04-17T13:56:34.833103,0.089,telemetry,1143470,103.000,0.000,0,24.800,"T:1143470, V:103, I:0 mA, Temp:24.80 C, STATE:0"
2026-04-17T13:56:34.875078,0.131,telemetry,1143480,103.000,0.000,0,24.800,"T:1143480, V:103, I:0 mA, Temp:24.80 C, STATE:0"
2026-04-17T13:56:34.914750,0.171,telemetry,1143490,103.000,0.000,0,25.000,"T:1143490, V:103, I:0 mA, Temp:25.00 C, STATE:0"
2026-04-17T13:56:34.956766,0.213,telemetry,1143500,103.000,0.000,0,25.000,"T:1143500, V:103, I:0 mA, Temp:25.00 C, STATE:0"
2026-04-17T13:56:34.996410,0.252,telemetry,1143510,103.000,0.000,0,25.000,"T:1143510, V:103, I:0 mA, Temp:25.00 C, STATE:0"
2026-04-17T13:56:35.038421,0.294,telemetry,1143520,103.000,0.000,0,25.000,"T:1143520, V:103, I:0 mA, Temp:25.00 C, STATE:0"
2026-04-17T13:56:35.078071,0.334,telemetry,1143530,103.000,0.000,0,25.000,"T:1143530, V:103, I:0 mA, Temp:25.00 C, STATE:0"
2026-04-17T13:56:35.120088,0.376,telemetry,1143540,103.000,0.000,0,25.000,"T:1143540, V:103, I:0 mA, Temp:25.00 C, STATE:0"
2026-04-17T13:56:35.159725,0.416,telemetry,1143550,103.000,0.000,0,25.000,"T:1143550, V:103, I:0 mA, Temp:25.00 C, STATE:0"
2026-04-17T13:56:35.201741,0.458,telemetry,1143560,103.000,0.000,0,25.000,"T:1143560, V:103, I:0 mA, Temp:25.00 C, STATE:0"
2026-04-17T13:56:35.241391,0.497,telemetry,1143570,103.000,0.000,0,25.000,"T:1143570, V:103, I:0 mA, Temp:25.00 C, STATE:0"
2026-04-17T13:56:35.283408,0.539,telemetry,1143580,103.000,0.000,0,25.000,"T:1143580, V:103, I:0 mA, Temp:25.00 C, STATE:0"
2026-04-17T13:56:35.323047,0.579,telemetry,1143590,103.000,0.000,0,25.000,"T:1143590, V:103, I:0 mA, Temp:25.00 C, STATE:0"
2026-04-17T13:56:35.365065,0.621,telemetry,1143600,103.000,0.000,0,25.000,"T:1143600, V:103, I:0 mA, Temp:25.00 C, STATE:0"
2026-04-17T13:56:35.404708,0.661,telemetry,1143610,103.000,0.000,0,25.000,"T:1143610, V:103, I:0 mA, Temp:25.00 C, STATE:0"
2026-04-17T13:56:35.446727,0.703,telemetry,1143620,103.000,0.000,0,25.000,"T:1143620, V:103, I:0 mA, Temp:25.00 C, STATE:0"
2026-04-17T13:56:35.486345,0.742,telemetry,1143630,103.000,0.000,0,24.800,"T:1143630, V:103, I:0 mA, Temp:24.80 C, STATE:0"
2026-04-17T13:56:35.528379,0.784,telemetry,1143640,103.000,0.000,0,24.800,"T:1143640, V:103, I:0 mA, Temp:24.80 C, STATE:0"
2026-04-17T13:56:35.568006,0.824,telemetry,1143650,103.000,0.000,0,25.000,"T:1143650, V:103, I:0 mA, Temp:25.00 C, STATE:0"
2026-04-17T13:56:35.610023,0.866,telemetry,1143660,103.000,0.000,0,25.000,"T:1143660, V:103, I:0 mA, Temp:25.00 C, STATE:0"
2026-04-17T13:56:35.649671,0.906,telemetry,1143670,103.000,0.000,0,25.000,"T:1143670, V:103, I:0 mA, Temp:25.00 C, STATE:0"
2026-04-17T13:56:35.691677,0.948,telemetry,1143680,103.000,0.000,0,25.000,"T:1143680, V:103, I:0 mA, Temp:25.00 C, STATE:0"
2026-04-17T13:56:35.731320,0.987,telemetry,1143690,103.000,0.000,0,25.000,"T:1143690, V:103, I:0 mA, Temp:25.00 C, STATE:0"
2026-04-17T13:56:35.773332,1.029,telemetry,1143700,103.000,0.000,0,25.000,"T:1143700, V:103, I:0 mA, Temp:25.00 C, STATE:0"
2026-04-17T13:56:35.812984,1.069,telemetry,1143710,103.000,0.000,0,25.000,"T:1143710, V:103, I:0 mA, Temp:25.00 C, STATE:0"
2026-04-17T13:56:35.855006,1.111,telemetry,1143720,103.000,0.000,0,25.000,"T:1143720, V:103, I:0 mA, Temp:25.00 C, STATE:0"
2026-04-17T13:56:35.894650,1.151,telemetry,1143730,103.000,0.000,0,25.000,"T:1143730, V:103, I:0 mA, Temp:25.00 C, STATE:0"
2026-04-17T13:56:35.936659,1.193,telemetry,1143740,103.000,0.000,0,25.000,"T:1143740, V:103, I:0 mA, Temp:25.00 C, STATE:0"
2026-04-17T13:56:35.976314,1.232,telemetry,1143750,103.000,0.000,0,24.800,"T:1143750, V:103, I:0 mA, Temp:24.80 C, STATE:0"
2026-04-17T13:56:36.018297,1.274,telemetry,1143760,103.000,0.000,0,24.800,"T:1143760, V:103, I:0 mA, Temp:24.80 C, STATE:0"
2026-04-17T13:56:36.057949,1.314,telemetry,1143770,103.000,0.000,0,24.800,"T:1143770, V:103, I:0 mA, Temp:24.80 C, STATE:0"
2026-04-17T13:56:36.099973,1.356,telemetry,1143780,103.000,0.000,0,24.800,"T:1143780, V:103, I:0 mA, Temp:24.80 C, STATE:0"
2026-04-17T13:56:36.139615,1.396,telemetry,1143790,103.000,0.000,0,24.800,"T:1143790, V:103, I:0 mA, Temp:24.80 C, STATE:0"
2026-04-17T13:56:36.181640,1.438,telemetry,1143800,103.000,0.000,0,24.800,"T:1143800, V:103, I:0 mA, Temp:24.80 C, STATE:0"
2026-04-17T13:56:36.221294,1.477,telemetry,1143810,103.000,0.000,0,24.800,"T:1143810, V:103, I:0 mA, Temp:24.80 C, STATE:0"
2026-04-17T13:56:36.263351,1.519,telemetry,1143820,103.000,0.000,0,24.800,"T:1143820, V:103, I:0 mA, Temp:24.80 C, STATE:0"
2026-04-17T13:56:36.302988,1.559,telemetry,1143830,103.000,0.000,0,25.000,"T:1143830, V:103, I:0 mA, Temp:25.00 C, STATE:0"
2026-04-17T13:56:36.345006,1.601,telemetry,1143840,103.000,0.000,0,25.000,"T:1143840, V:103, I:0 mA, Temp:25.00 C, STATE:0"
2026-04-17T13:56:36.384654,1.641,telemetry,1143850,103.000,0.000,0,25.000,"T:1143850, V:103, I:0 mA, Temp:25.00 C, STATE:0"
2026-04-17T13:56:36.426688,1.683,telemetry,1143860,103.000,0.000,0,25.000,"T:1143860, V:103, I:0 mA, Temp:25.00 C, STATE:0"
2026-04-17T13:56:36.466484,1.722,telemetry,1143870,103.000,0.000,0,25.000,"T:1143870, V:103, I:0 mA, Temp:25.00 C, STATE:0"
2026-04-17T13:56:36.508375,1.764,telemetry,1143880,103.000,0.000,0,25.000,"T:1143880, V:103, I:0 mA, Temp:25.00 C, STATE:0"
2026-04-17T13:56:36.548012,1.804,telemetry,1143890,103.000,0.000,0,25.000,"T:1143890, V:103, I:0 mA, Temp:25.00 C, STATE:0"
2026-04-17T13:56:36.590032,1.846,telemetry,1143900,103.000,0.000,0,25.000,"T:1143900, V:103, I:0 mA, Temp:25.00 C, STATE:0"
2026-04-17T13:56:36.629674,1.886,telemetry,1143910,103.000,0.000,0,25.000,"T:1143910, V:103, I:0 mA, Temp:25.00 C, STATE:0"
2026-04-17T13:56:36.671693,1.928,telemetry,1143920,103.000,0.000,0,25.000,"T:1143920, V:103, I:0 mA, Temp:25.00 C, STATE:0"
2026-04-17T13:56:36.711335,1.967,telemetry,1143930,103.000,0.000,0,25.000,"T:1143930, V:103, I:0 mA, Temp:25.00 C, STATE:0"
2026-04-17T13:56:36.753354,2.009,telemetry,1143940,103.000,0.000,0,25.000,"T:1143940, V:103, I:0 mA, Temp:25.00 C, STATE:0"
2026-04-17T13:56:36.793003,2.049,telemetry,1143950,103.000,0.000,0,24.800,"T:1143950, V:103, I:0 mA, Temp:24.80 C, STATE:0"
2026-04-17T13:56:36.834991,2.091,telemetry,1143960,103.000,0.000,0,24.800,"T:1143960, V:103, I:0 mA, Temp:24.80 C, STATE:0"
2026-04-17T13:56:36.874627,2.131,telemetry,1143970,103.000,0.000,0,24.800,"T:1143970, V:103, I:0 mA, Temp:24.80 C, STATE:0"
2026-04-17T13:56:36.916632,2.173,telemetry,1143980,103.000,0.000,0,24.800,"T:1143980, V:103, I:0 mA, Temp:24.80 C, STATE:0"
2026-04-17T13:56:36.956333,2.212,telemetry,1143990,103.000,0.000,0,25.000,"T:1143990, V:103, I:0 mA, Temp:25.00 C, STATE:0"
2026-04-17T13:56:36.997818,2.254,telemetry,1144000,103.000,0.000,0,25.000,"T:1144000, V:103, I:0 mA, Temp:25.00 C, STATE:0"
2026-04-17T13:56:37.037937,2.294,telemetry,1144010,103.000,0.000,0,25.000,"T:1144010, V:103, I:0 mA, Temp:25.00 C, STATE:0"
2026-04-17T13:56:37.079529,2.335,telemetry,1144020,103.000,0.000,0,25.000,"T:1144020, V:103, I:0 mA, Temp:25.00 C, STATE:0"
2026-04-17T13:56:37.119596,2.376,telemetry,1144030,103.000,0.000,0,25.000,"T:1144030, V:103, I:0 mA, Temp:25.00 C, STATE:0"
2026-04-17T13:56:37.161116,2.417,telemetry,1144040,103.000,0.000,0,25.000,"T:1144040, V:103, I:0 mA, Temp:25.00 C, STATE:0"
2026-04-17T13:56:37.201243,2.457,telemetry,1144050,103.000,0.000,0,25.000,"T:1144050, V:103, I:0 mA, Temp:25.00 C, STATE:0"
2026-04-17T13:56:37.243245,2.499,telemetry,1144060,103.000,0.000,0,25.000,"T:1144060, V:103, I:0 mA, Temp:25.00 C, STATE:0"
2026-04-17T13:56:37.282899,2.539,telemetry,1144070,103.000,0.000,0,25.000,"T:1144070, V:103, I:0 mA, Temp:25.00 C, STATE:0"
2026-04-17T13:56:37.324911,2.581,telemetry,1144080,103.000,0.000,0,25.000,"T:1144080, V:103, I:0 mA, Temp:25.00 C, STATE:0"
2026-04-17T13:56:37.364554,2.620,telemetry,1144090,103.000,0.000,0,25.000,"T:1144090, V:103, I:0 mA, Temp:25.00 C, STATE:0"
2026-04-17T13:56:37.406567,2.662,telemetry,1144100,103.000,0.000,0,25.000,"T:1144100, V:103, I:0 mA, Temp:25.00 C, STATE:0"
2026-04-17T13:56:37.446198,2.702,telemetry,1144110,103.000,0.000,0,25.000,"T:1144110, V:103, I:0 mA, Temp:25.00 C, STATE:0"
2026-04-17T13:56:37.488270,2.744,telemetry,1144120,103.000,0.000,0,25.000,"T:1144120, V:103, I:0 mA, Temp:25.00 C, STATE:0"
2026-04-17T13:56:37.527838,2.784,telemetry,1144130,103.000,0.000,0,24.800,"T:1144130, V:103, I:0 mA, Temp:24.80 C, STATE:0"
2026-04-17T13:56:37.569869,2.826,telemetry,1144140,103.000,0.000,0,24.800,"T:1144140, V:103, I:0 mA, Temp:24.80 C, STATE:0"
2026-04-17T13:56:37.609518,2.865,telemetry,1144150,103.000,0.000,0,25.000,"T:1144150, V:103, I:0 mA, Temp:25.00 C, STATE:0"
2026-04-17T13:56:37.651534,2.907,telemetry,1144160,103.000,0.000,0,25.000,"T:1144160, V:103, I:0 mA, Temp:25.00 C, STATE:0"
2026-04-17T13:56:37.691168,2.947,telemetry,1144170,103.000,0.000,0,25.000,"T:1144170, V:103, I:0 mA, Temp:25.00 C, STATE:0"
2026-04-17T13:56:37.733179,2.989,telemetry,1144180,103.000,0.000,0,25.000,"T:1144180, V:103, I:0 mA, Temp:25.00 C, STATE:0"
2026-04-17T13:56:37.772802,3.029,telemetry,1144190,103.000,0.000,0,24.800,"T:1144190, V:103, I:0 mA, Temp:24.80 C, STATE:0"
2026-04-17T13:56:37.814841,3.071,telemetry,1144200,103.000,0.000,0,24.800,"T:1144200, V:103, I:0 mA, Temp:24.80 C, STATE:0"
2026-04-17T13:56:37.854472,3.110,telemetry,1144210,103.000,0.000,0,25.000,"T:1144210, V:103, I:0 mA, Temp:25.00 C, STATE:0"
2026-04-17T13:56:37.896496,3.152,telemetry,1144220,103.000,0.000,0,25.000,"T:1144220, V:103, I:0 mA, Temp:25.00 C, STATE:0"
2026-04-17T13:56:37.936109,3.192,telemetry,1144230,103.000,0.000,0,24.800,"T:1144230, V:103, I:0 mA, Temp:24.80 C, STATE:0"
2026-04-17T13:56:37.978115,3.234,telemetry,1144240,103.000,0.000,0,24.800,"T:1144240, V:103, I:0 mA, Temp:24.80 C, STATE:0"
2026-04-17T13:56:38.017762,3.274,telemetry,1144250,103.000,0.000,0,24.800,"T:1144250, V:103, I:0 mA, Temp:24.80 C, STATE:0"
2026-04-17T13:56:38.059769,3.316,telemetry,1144260,103.000,0.000,0,24.800,"T:1144260, V:103, I:0 mA, Temp:24.80 C, STATE:0"
2026-04-17T13:56:38.099431,3.355,telemetry,1144270,103.000,0.000,0,25.000,"T:1144270, V:103, I:0 mA, Temp:25.00 C, STATE:0"
2026-04-17T13:56:38.141439,3.397,telemetry,1144280,103.000,0.000,0,25.000,"T:1144280, V:103, I:0 mA, Temp:25.00 C, STATE:0"
2026-04-17T13:56:38.181079,3.437,telemetry,1144290,103.000,0.000,0,25.000,"T:1144290, V:103, I:0 mA, Temp:25.00 C, STATE:0"
2026-04-17T13:56:38.223093,3.479,telemetry,1144300,103.000,0.000,0,25.000,"T:1144300, V:103, I:0 mA, Temp:25.00 C, STATE:0"
2026-04-17T13:56:38.262741,3.519,telemetry,1144310,103.000,0.000,0,24.800,"T:1144310, V:103, I:0 mA, Temp:24.80 C, STATE:0"
2026-04-17T13:56:38.304726,3.561,telemetry,1144320,103.000,0.000,0,24.800,"T:1144320, V:103, I:0 mA, Temp:24.80 C, STATE:0"
2026-04-17T13:56:38.344386,3.600,telemetry,1144330,103.000,0.000,0,24.800,"T:1144330, V:103, I:0 mA, Temp:24.80 C, STATE:0"
2026-04-17T13:56:38.386393,3.642,telemetry,1144340,103.000,0.000,0,24.800,"T:1144340, V:103, I:0 mA, Temp:24.80 C, STATE:0"
2026-04-17T13:56:38.426061,3.682,telemetry,1144350,103.000,0.000,0,25.000,"T:1144350, V:103, I:0 mA, Temp:25.00 C, STATE:0"
2026-04-17T13:56:38.468077,3.724,telemetry,1144360,103.000,0.000,0,25.000,"T:1144360, V:103, I:0 mA, Temp:25.00 C, STATE:0"
2026-04-17T13:56:38.507695,3.764,telemetry,1144370,103.000,0.000,0,24.800,"T:1144370, V:103, I:0 mA, Temp:24.80 C, STATE:0"
2026-04-17T13:56:38.549711,3.806,telemetry,1144380,103.000,0.000,0,24.800,"T:1144380, V:103, I:0 mA, Temp:24.80 C, STATE:0"
2026-04-17T13:56:38.589367,3.845,telemetry,1144390,103.000,0.000,0,24.800,"T:1144390, V:103, I:0 mA, Temp:24.80 C, STATE:0"
2026-04-17T13:56:38.631379,3.887,telemetry,1144400,103.000,0.000,0,24.800,"T:1144400, V:103, I:0 mA, Temp:24.80 C, STATE:0"
2026-04-17T13:56:38.671003,3.927,telemetry,1144410,103.000,0.000,0,24.800,"T:1144410, V:103, I:0 mA, Temp:24.80 C, STATE:0"
2026-04-17T13:56:38.713021,3.969,telemetry,1144420,103.000,0.000,0,24.800,"T:1144420, V:103, I:0 mA, Temp:24.80 C, STATE:0"
2026-04-17T13:56:38.752679,4.009,telemetry,1144430,103.000,0.000,0,25.000,"T:1144430, V:103, I:0 mA, Temp:25.00 C, STATE:0"
2026-04-17T13:56:38.794708,4.051,telemetry,1144440,103.000,0.000,0,25.000,"T:1144440, V:103, I:0 mA, Temp:25.00 C, STATE:0"
2026-04-17T13:56:38.834345,4.090,telemetry,1144450,103.000,0.000,0,25.000,"T:1144450, V:103, I:0 mA, Temp:25.00 C, STATE:0"
2026-04-17T13:56:38.876423,4.132,telemetry,1144460,103.000,0.000,0,25.000,"T:1144460, V:103, I:0 mA, Temp:25.00 C, STATE:0"
2026-04-17T13:56:38.915991,4.172,telemetry,1144470,103.000,0.000,0,24.800,"T:1144470, V:103, I:0 mA, Temp:24.80 C, STATE:0"
2026-04-17T13:56:38.958008,4.214,telemetry,1144480,103.000,0.000,0,24.800,"T:1144480, V:103, I:0 mA, Temp:24.80 C, STATE:0"
2026-04-17T13:56:38.997673,4.254,telemetry,1144490,103.000,0.000,0,25.000,"T:1144490, V:103, I:0 mA, Temp:25.00 C, STATE:0"
2026-04-17T13:56:39.039690,4.296,telemetry,1144500,103.000,0.000,0,25.000,"T:1144500, V:103, I:0 mA, Temp:25.00 C, STATE:0"
2026-04-17T13:56:39.079319,4.335,telemetry,1144510,103.000,0.000,0,24.800,"T:1144510, V:103, I:0 mA, Temp:24.80 C, STATE:0"
2026-04-17T13:56:39.121338,4.377,telemetry,1144520,103.000,0.000,0,24.800,"T:1144520, V:103, I:0 mA, Temp:24.80 C, STATE:0"
2026-04-17T13:56:39.161003,4.417,telemetry,1144530,103.000,0.000,0,25.000,"T:1144530, V:103, I:0 mA, Temp:25.00 C, STATE:0"
2026-04-17T13:56:39.203017,4.459,telemetry,1144540,103.000,0.000,0,25.000,"T:1144540, V:103, I:0 mA, Temp:25.00 C, STATE:0"
2026-04-17T13:56:39.242655,4.499,telemetry,1144550,103.000,0.000,0,25.000,"T:1144550, V:103, I:0 mA, Temp:25.00 C, STATE:0"
2026-04-17T13:56:39.284673,4.541,telemetry,1144560,103.000,0.000,0,25.000,"T:1144560, V:103, I:0 mA, Temp:25.00 C, STATE:0"
2026-04-17T13:56:39.324336,4.580,telemetry,1144570,103.000,0.000,0,25.000,"T:1144570, V:103, I:0 mA, Temp:25.00 C, STATE:0"
2026-04-17T13:56:39.366344,4.622,telemetry,1144580,103.000,0.000,0,25.000,"T:1144580, V:103, I:0 mA, Temp:25.00 C, STATE:0"
2026-04-17T13:56:39.406153,4.662,telemetry,1144590,103.000,0.000,0,25.000,"T:1144590, V:103, I:0 mA, Temp:25.00 C, STATE:0"
2026-04-17T13:56:39.448168,4.704,telemetry,1144600,103.000,0.000,0,25.000,"T:1144600, V:103, I:0 mA, Temp:25.00 C, STATE:0"
2026-04-17T13:56:39.487763,4.744,telemetry,1144610,103.000,0.000,0,24.800,"T:1144610, V:103, I:0 mA, Temp:24.80 C, STATE:0"
2026-04-17T13:56:39.529789,4.786,telemetry,1144620,103.000,0.000,0,24.800,"T:1144620, V:103, I:0 mA, Temp:24.80 C, STATE:0"
2026-04-17T13:56:39.569469,4.825,telemetry,1144630,103.000,0.000,0,25.000,"T:1144630, V:103, I:0 mA, Temp:25.00 C, STATE:0"
2026-04-17T13:56:39.611478,4.867,telemetry,1144640,103.000,0.000,0,25.000,"T:1144640, V:103, I:0 mA, Temp:25.00 C, STATE:0"
2026-04-17T13:56:39.651102,4.907,telemetry,1144650,103.000,0.000,0,24.800,"T:1144650, V:103, I:0 mA, Temp:24.80 C, STATE:0"
2026-04-17T13:56:39.693123,4.949,telemetry,1144660,103.000,0.000,0,24.800,"T:1144660, V:103, I:0 mA, Temp:24.80 C, STATE:0"
2026-04-17T13:56:39.732784,4.989,telemetry,1144670,103.000,0.000,0,25.000,"T:1144670, V:103, I:0 mA, Temp:25.00 C, STATE:0"
2026-04-17T13:56:39.774822,5.031,telemetry,1144680,103.000,0.000,0,25.000,"T:1144680, V:103, I:0 mA, Temp:25.00 C, STATE:0"
2026-04-17T13:56:39.814477,5.070,telemetry,1144690,103.000,0.000,0,25.000,"T:1144690, V:103, I:0 mA, Temp:25.00 C, STATE:0"
2026-04-17T13:56:39.856493,5.112,telemetry,1144700,103.000,0.000,0,25.000,"T:1144700, V:103, I:0 mA, Temp:25.00 C, STATE:0"
2026-04-17T13:56:39.896214,5.152,telemetry,1144710,103.000,0.000,0,25.000,"T:1144710, V:103, I:0 mA, Temp:25.00 C, STATE:0"
2026-04-17T13:56:39.938156,5.194,telemetry,1144720,103.000,0.000,0,25.000,"T:1144720, V:103, I:0 mA, Temp:25.00 C, STATE:0"
2026-04-17T13:56:39.977818,5.234,telemetry,1144730,103.000,0.000,0,25.000,"T:1144730, V:103, I:0 mA, Temp:25.00 C, STATE:0"
2026-04-17T13:56:40.019839,5.276,telemetry,1144740,103.000,0.000,0,25.000,"T:1144740, V:103, I:0 mA, Temp:25.00 C, STATE:0"
2026-04-17T13:56:40.059471,5.315,telemetry,1144750,103.000,0.000,0,24.800,"T:1144750, V:103, I:0 mA, Temp:24.80 C, STATE:0"
2026-04-17T13:56:40.101501,5.357,telemetry,1144760,103.000,0.000,0,24.800,"T:1144760, V:103, I:0 mA, Temp:24.80 C, STATE:0"
2026-04-17T13:56:40.141173,5.397,telemetry,1144770,103.000,0.000,0,25.000,"T:1144770, V:103, I:0 mA, Temp:25.00 C, STATE:0"
2026-04-17T13:56:40.183197,5.439,telemetry,1144780,103.000,0.000,0,25.000,"T:1144780, V:103, I:0 mA, Temp:25.00 C, STATE:0"
2026-04-17T13:56:40.222853,5.479,telemetry,1144790,103.000,0.000,0,25.000,"T:1144790, V:103, I:0 mA, Temp:25.00 C, STATE:0"
2026-04-17T13:56:40.264874,5.521,telemetry,1144800,103.000,0.000,0,25.000,"T:1144800, V:103, I:0 mA, Temp:25.00 C, STATE:0"
2026-04-17T13:56:40.304530,5.560,telemetry,1144810,103.000,0.000,0,24.800,"T:1144810, V:103, I:0 mA, Temp:24.80 C, STATE:0"
2026-04-17T13:56:40.346528,5.602,telemetry,1144820,103.000,0.000,0,24.800,"T:1144820, V:103, I:0 mA, Temp:24.80 C, STATE:0"
2026-04-17T13:56:40.386184,5.642,telemetry,1144830,103.000,0.000,0,24.800,"T:1144830, V:103, I:0 mA, Temp:24.80 C, STATE:0"
2026-04-17T13:56:40.428250,5.684,telemetry,1144840,103.000,0.000,0,24.800,"T:1144840, V:103, I:0 mA, Temp:24.80 C, STATE:0"
2026-04-17T13:56:40.467897,5.724,telemetry,1144850,103.000,0.000,0,25.000,"T:1144850, V:103, I:0 mA, Temp:25.00 C, STATE:0"
2026-04-17T13:56:40.509899,5.766,telemetry,1144860,103.000,0.000,0,25.000,"T:1144860, V:103, I:0 mA, Temp:25.00 C, STATE:0"
2026-04-17T13:56:40.549563,5.805,telemetry,1144870,103.000,0.000,0,25.000,"T:1144870, V:103, I:0 mA, Temp:25.00 C, STATE:0"
2026-04-17T13:56:40.591600,5.848,telemetry,1144880,103.000,0.000,0,25.000,"T:1144880, V:103, I:0 mA, Temp:25.00 C, STATE:0"
2026-04-17T13:56:40.631241,5.887,telemetry,1144890,103.000,0.000,0,25.000,"T:1144890, V:103, I:0 mA, Temp:25.00 C, STATE:0"
2026-04-17T13:56:40.673273,5.929,telemetry,1144900,103.000,0.000,0,25.000,"T:1144900, V:103, I:0 mA, Temp:25.00 C, STATE:0"
2026-04-17T13:56:40.712918,5.969,telemetry,1144910,103.000,0.000,0,25.000,"T:1144910, V:103, I:0 mA, Temp:25.00 C, STATE:0"
2026-04-17T13:56:40.754949,6.011,telemetry,1144920,103.000,0.000,0,25.000,"T:1144920, V:103, I:0 mA, Temp:25.00 C, STATE:0"
2026-04-17T13:56:40.794591,6.051,telemetry,1144930,103.000,0.000,0,25.000,"T:1144930, V:103, I:0 mA, Temp:25.00 C, STATE:0"
2026-04-17T13:56:40.836633,6.093,telemetry,1144940,103.000,0.000,0,25.000,"T:1144940, V:103, I:0 mA, Temp:25.00 C, STATE:0"
2026-04-17T13:56:40.876371,6.132,telemetry,1144950,103.000,0.000,0,25.000,"T:1144950, V:103, I:0 mA, Temp:25.00 C, STATE:0"
2026-04-17T13:56:40.918303,6.174,telemetry,1144960,103.000,0.000,0,25.000,"T:1144960, V:103, I:0 mA, Temp:25.00 C, STATE:0"
2026-04-17T13:56:40.957988,6.214,telemetry,1144970,103.000,0.000,0,25.000,"T:1144970, V:103, I:0 mA, Temp:25.00 C, STATE:0"
2026-04-17T13:56:40.999983,6.256,telemetry,1144980,103.000,0.000,0,25.000,"T:1144980, V:103, I:0 mA, Temp:25.00 C, STATE:0"
2026-04-17T13:56:41.039636,6.296,telemetry,1144990,103.000,0.000,0,25.000,"T:1144990, V:103, I:0 mA, Temp:25.00 C, STATE:0"
2026-04-17T13:56:41.081169,6.337,telemetry,1145000,103.000,0.000,0,25.000,"T:1145000, V:103, I:0 mA, Temp:25.00 C, STATE:0"
2026-04-17T13:56:41.121302,6.377,telemetry,1145010,103.000,0.000,0,25.000,"T:1145010, V:103, I:0 mA, Temp:25.00 C, STATE:0"
2026-04-17T13:56:41.162890,6.419,telemetry,1145020,103.000,0.000,0,25.000,"T:1145020, V:103, I:0 mA, Temp:25.00 C, STATE:0"
2026-04-17T13:56:41.202949,6.459,telemetry,1145030,103.000,0.000,0,25.000,"T:1145030, V:103, I:0 mA, Temp:25.00 C, STATE:0"
2026-04-17T13:56:41.244515,6.500,telemetry,1145040,103.000,0.000,0,25.000,"T:1145040, V:103, I:0 mA, Temp:25.00 C, STATE:0"
2026-04-17T13:56:41.284617,6.541,telemetry,1145050,103.000,0.000,0,25.000,"T:1145050, V:103, I:0 mA, Temp:25.00 C, STATE:0"
2026-04-17T13:56:41.326650,6.583,telemetry,1145060,103.000,0.000,0,25.000,"T:1145060, V:103, I:0 mA, Temp:25.00 C, STATE:0"
2026-04-17T13:56:41.366287,6.622,telemetry,1145070,103.000,0.000,0,25.000,"T:1145070, V:103, I:0 mA, Temp:25.00 C, STATE:0"
2026-04-17T13:56:41.408359,6.664,telemetry,1145080,103.000,0.000,0,25.000,"T:1145080, V:103, I:0 mA, Temp:25.00 C, STATE:0"
2026-04-17T13:56:41.447944,6.704,telemetry,1145090,103.000,0.000,0,25.000,"T:1145090, V:103, I:0 mA, Temp:25.00 C, STATE:0"
2026-04-17T13:56:41.489964,6.746,telemetry,1145100,103.000,0.000,0,25.000,"T:1145100, V:103, I:0 mA, Temp:25.00 C, STATE:0"
2026-04-17T13:56:41.529600,6.786,telemetry,1145110,103.000,0.000,0,25.000,"T:1145110, V:103, I:0 mA, Temp:25.00 C, STATE:0"
2026-04-17T13:56:41.571629,6.828,telemetry,1145120,103.000,0.000,0,25.000,"T:1145120, V:103, I:0 mA, Temp:25.00 C, STATE:0"
2026-04-17T13:56:41.611270,6.867,telemetry,1145130,103.000,0.000,0,25.000,"T:1145130, V:103, I:0 mA, Temp:25.00 C, STATE:0"
2026-04-17T13:56:41.653290,6.909,telemetry,1145140,103.000,0.000,0,25.000,"T:1145140, V:103, I:0 mA, Temp:25.00 C, STATE:0"
2026-04-17T13:56:41.692915,6.949,telemetry,1145150,103.000,0.000,0,25.000,"T:1145150, V:103, I:0 mA, Temp:25.00 C, STATE:0"
2026-04-17T13:56:41.734930,6.991,telemetry,1145160,103.000,0.000,0,25.000,"T:1145160, V:103, I:0 mA, Temp:25.00 C, STATE:0"
2026-04-17T13:56:41.774571,7.030,telemetry,1145170,103.000,0.000,0,25.000,"T:1145170, V:103, I:0 mA, Temp:25.00 C, STATE:0"
2026-04-17T13:56:41.816599,7.073,telemetry,1145180,103.000,0.000,0,25.000,"T:1145180, V:103, I:0 mA, Temp:25.00 C, STATE:0"
2026-04-17T13:56:41.856227,7.112,telemetry,1145190,103.000,0.000,0,24.800,"T:1145190, V:103, I:0 mA, Temp:24.80 C, STATE:0"
2026-04-17T13:56:41.898211,7.154,telemetry,1145200,103.000,0.000,0,24.800,"T:1145200, V:103, I:0 mA, Temp:24.80 C, STATE:0"
2026-04-17T13:56:41.937851,7.194,telemetry,1145210,103.000,0.000,0,24.800,"T:1145210, V:103, I:0 mA, Temp:24.80 C, STATE:0"
2026-04-17T13:56:41.979914,7.236,telemetry,1145220,103.000,0.000,0,24.800,"T:1145220, V:103, I:0 mA, Temp:24.80 C, STATE:0"
2026-04-17T13:56:42.019524,7.275,telemetry,1145230,103.000,0.000,0,24.800,"T:1145230, V:103, I:0 mA, Temp:24.80 C, STATE:0"
2026-04-17T13:56:42.061519,7.317,telemetry,1145240,103.000,0.000,0,24.800,"T:1145240, V:103, I:0 mA, Temp:24.80 C, STATE:0"
2026-04-17T13:56:42.101162,7.357,telemetry,1145250,103.000,0.000,0,24.800,"T:1145250, V:103, I:0 mA, Temp:24.80 C, STATE:0"
2026-04-17T13:56:42.143175,7.399,telemetry,1145260,103.000,0.000,0,24.800,"T:1145260, V:103, I:0 mA, Temp:24.80 C, STATE:0"
2026-04-17T13:56:42.182815,7.439,telemetry,1145270,103.000,0.000,0,24.800,"T:1145270, V:103, I:0 mA, Temp:24.80 C, STATE:0"
2026-04-17T13:56:42.224826,7.481,telemetry,1145280,103.000,0.000,0,24.800,"T:1145280, V:103, I:0 mA, Temp:24.80 C, STATE:0"
2026-04-17T13:56:42.264510,7.520,telemetry,1145290,103.000,0.000,0,25.000,"T:1145290, V:103, I:0 mA, Temp:25.00 C, STATE:0"
2026-04-17T13:56:42.306496,7.562,telemetry,1145300,103.000,0.000,0,25.000,"T:1145300, V:103, I:0 mA, Temp:25.00 C, STATE:0"
2026-04-17T13:56:42.346137,7.602,telemetry,1145310,103.000,0.000,0,25.000,"T:1145310, V:103, I:0 mA, Temp:25.00 C, STATE:0"
2026-04-17T13:56:42.388174,7.644,telemetry,1145320,103.000,0.000,0,25.000,"T:1145320, V:103, I:0 mA, Temp:25.00 C, STATE:0"
2026-04-17T13:56:42.427779,7.684,telemetry,1145330,103.000,0.000,0,24.800,"T:1145330, V:103, I:0 mA, Temp:24.80 C, STATE:0"
2026-04-17T13:56:42.469769,7.726,telemetry,1145340,103.000,0.000,0,24.800,"T:1145340, V:103, I:0 mA, Temp:24.80 C, STATE:0"
2026-04-17T13:56:42.509414,7.765,telemetry,1145350,103.000,0.000,0,24.800,"T:1145350, V:103, I:0 mA, Temp:24.80 C, STATE:0"
2026-04-17T13:56:42.551422,7.807,telemetry,1145360,103.000,0.000,0,24.800,"T:1145360, V:103, I:0 mA, Temp:24.80 C, STATE:0"
2026-04-17T13:56:42.591071,7.847,telemetry,1145370,103.000,0.000,0,24.800,"T:1145370, V:103, I:0 mA, Temp:24.80 C, STATE:0"
2026-04-17T13:56:42.633087,7.889,telemetry,1145380,103.000,0.000,0,24.800,"T:1145380, V:103, I:0 mA, Temp:24.80 C, STATE:0"
2026-04-17T13:56:42.672729,7.929,telemetry,1145390,103.000,0.000,0,25.000,"T:1145390, V:103, I:0 mA, Temp:25.00 C, STATE:0"
2026-04-17T13:56:42.714744,7.971,telemetry,1145400,103.000,0.000,0,25.000,"T:1145400, V:103, I:0 mA, Temp:25.00 C, STATE:0"
2026-04-17T13:56:42.754383,8.010,telemetry,1145410,103.000,0.000,0,25.000,"T:1145410, V:103, I:0 mA, Temp:25.00 C, STATE:0"
2026-04-17T13:56:42.796438,8.052,telemetry,1145420,103.000,0.000,0,25.000,"T:1145420, V:103, I:0 mA, Temp:25.00 C, STATE:0"
2026-04-17T13:56:42.836025,8.092,telemetry,1145430,103.000,0.000,0,24.800,"T:1145430, V:103, I:0 mA, Temp:24.80 C, STATE:0"
2026-04-17T13:56:42.878035,8.134,telemetry,1145440,103.000,0.000,0,24.800,"T:1145440, V:103, I:0 mA, Temp:24.80 C, STATE:0"
2026-04-17T13:56:42.917691,8.174,telemetry,1145450,103.000,0.000,0,25.000,"T:1145450, V:103, I:0 mA, Temp:25.00 C, STATE:0"
2026-04-17T13:56:42.959699,8.216,telemetry,1145460,103.000,0.000,0,25.000,"T:1145460, V:103, I:0 mA, Temp:25.00 C, STATE:0"
2026-04-17T13:56:42.999320,8.255,telemetry,1145470,103.000,0.000,0,24.800,"T:1145470, V:103, I:0 mA, Temp:24.80 C, STATE:0"
2026-04-17T13:56:43.041377,8.297,telemetry,1145480,103.000,0.000,0,24.800,"T:1145480, V:103, I:0 mA, Temp:24.80 C, STATE:0"
2026-04-17T13:56:43.080978,8.337,telemetry,1145490,103.000,0.000,0,25.000,"T:1145490, V:103, I:0 mA, Temp:25.00 C, STATE:0"
2026-04-17T13:56:43.123011,8.379,telemetry,1145500,103.000,0.000,0,25.000,"T:1145500, V:103, I:0 mA, Temp:25.00 C, STATE:0"
2026-04-17T13:56:43.162652,8.419,telemetry,1145510,103.000,0.000,0,25.000,"T:1145510, V:103, I:0 mA, Temp:25.00 C, STATE:0"
2026-04-17T13:56:43.204680,8.461,telemetry,1145520,103.000,0.000,0,25.000,"T:1145520, V:103, I:0 mA, Temp:25.00 C, STATE:0"
2026-04-17T13:56:43.244369,8.500,telemetry,1145530,103.000,0.000,0,25.000,"T:1145530, V:103, I:0 mA, Temp:25.00 C, STATE:0"
2026-04-17T13:56:43.286316,8.542,telemetry,1145540,103.000,0.000,0,25.000,"T:1145540, V:103, I:0 mA, Temp:25.00 C, STATE:0"
2026-04-17T13:56:43.325949,8.582,telemetry,1145550,103.000,0.000,0,24.800,"T:1145550, V:103, I:0 mA, Temp:24.80 C, STATE:0"
2026-04-17T13:56:43.367963,8.624,telemetry,1145560,103.000,0.000,0,24.800,"T:1145560, V:103, I:0 mA, Temp:24.80 C, STATE:0"
2026-04-17T13:56:43.407622,8.664,telemetry,1145570,103.000,0.000,0,25.000,"T:1145570, V:103, I:0 mA, Temp:25.00 C, STATE:0"
2026-04-17T13:56:43.449628,8.706,telemetry,1145580,103.000,0.000,0,25.000,"T:1145580, V:103, I:0 mA, Temp:25.00 C, STATE:0"
2026-04-17T13:56:43.489297,8.745,telemetry,1145590,103.000,0.000,0,25.000,"T:1145590, V:103, I:0 mA, Temp:25.00 C, STATE:0"
2026-04-17T13:56:43.531275,8.787,telemetry,1145600,103.000,0.000,0,25.000,"T:1145600, V:103, I:0 mA, Temp:25.00 C, STATE:0"
2026-04-17T13:56:43.570919,8.827,telemetry,1145610,103.000,0.000,0,25.000,"T:1145610, V:103, I:0 mA, Temp:25.00 C, STATE:0"
2026-04-17T13:56:43.612925,8.869,telemetry,1145620,103.000,0.000,0,25.000,"T:1145620, V:103, I:0 mA, Temp:25.00 C, STATE:0"
2026-04-17T13:56:43.652556,8.908,telemetry,1145630,103.000,0.000,0,25.000,"T:1145630, V:103, I:0 mA, Temp:25.00 C, STATE:0"
2026-04-17T13:56:43.694553,8.950,telemetry,1145640,103.000,0.000,0,25.000,"T:1145640, V:103, I:0 mA, Temp:25.00 C, STATE:0"
2026-04-17T13:56:43.734189,8.990,telemetry,1145650,103.000,0.000,0,25.000,"T:1145650, V:103, I:0 mA, Temp:25.00 C, STATE:0"
2026-04-17T13:56:43.776232,9.032,telemetry,1145660,103.000,0.000,0,25.000,"T:1145660, V:103, I:0 mA, Temp:25.00 C, STATE:0"
2026-04-17T13:56:43.815845,9.072,telemetry,1145670,103.000,0.000,0,25.000,"T:1145670, V:103, I:0 mA, Temp:25.00 C, STATE:0"
2026-04-17T13:56:43.857845,9.114,telemetry,1145680,103.000,0.000,0,25.000,"T:1145680, V:103, I:0 mA, Temp:25.00 C, STATE:0"
2026-04-17T13:56:43.897487,9.153,telemetry,1145690,103.000,0.000,0,25.000,"T:1145690, V:103, I:0 mA, Temp:25.00 C, STATE:0"
2026-04-17T13:56:43.939497,9.195,telemetry,1145700,103.000,0.000,0,25.000,"T:1145700, V:103, I:0 mA, Temp:25.00 C, STATE:0"
2026-04-17T13:56:43.979134,9.235,telemetry,1145710,103.000,0.000,0,25.000,"T:1145710, V:103, I:0 mA, Temp:25.00 C, STATE:0"
2026-04-17T13:56:44.021156,9.277,telemetry,1145720,103.000,0.000,0,25.000,"T:1145720, V:103, I:0 mA, Temp:25.00 C, STATE:0"
2026-04-17T13:56:44.060839,9.317,telemetry,1145730,103.000,0.000,0,25.000,"T:1145730, V:103, I:0 mA, Temp:25.00 C, STATE:0"
2026-04-17T13:56:44.102814,9.359,telemetry,1145740,103.000,0.000,0,25.000,"T:1145740, V:103, I:0 mA, Temp:25.00 C, STATE:0"
2026-04-17T13:56:44.142423,9.398,telemetry,1145750,103.000,0.000,0,24.800,"T:1145750, V:103, I:0 mA, Temp:24.80 C, STATE:0"
2026-04-17T13:56:44.184470,9.440,telemetry,1145760,103.000,0.000,0,24.800,"T:1145760, V:103, I:0 mA, Temp:24.80 C, STATE:0"
2026-04-17T13:56:44.224077,9.480,telemetry,1145770,103.000,0.000,0,24.800,"T:1145770, V:103, I:0 mA, Temp:24.80 C, STATE:0"
2026-04-17T13:56:44.266095,9.522,telemetry,1145780,103.000,0.000,0,24.800,"T:1145780, V:103, I:0 mA, Temp:24.80 C, STATE:0"
2026-04-17T13:56:44.305766,9.562,telemetry,1145790,103.000,0.000,0,25.000,"T:1145790, V:103, I:0 mA, Temp:25.00 C, STATE:0"
2026-04-17T13:56:44.347807,9.604,telemetry,1145800,103.000,0.000,0,25.000,"T:1145800, V:103, I:0 mA, Temp:25.00 C, STATE:0"
2026-04-17T13:56:44.387431,9.643,telemetry,1145810,103.000,0.000,0,25.000,"T:1145810, V:103, I:0 mA, Temp:25.00 C, STATE:0"
2026-04-17T13:56:44.429451,9.685,telemetry,1145820,103.000,0.000,0,25.000,"T:1145820, V:103, I:0 mA, Temp:25.00 C, STATE:0"
2026-04-17T13:56:44.469079,9.725,telemetry,1145830,103.000,0.000,0,24.800,"T:1145830, V:103, I:0 mA, Temp:24.80 C, STATE:0"
2026-04-17T13:56:44.511101,9.767,telemetry,1145840,103.000,0.000,0,24.800,"T:1145840, V:103, I:0 mA, Temp:24.80 C, STATE:0"
2026-04-17T13:56:44.550761,9.807,telemetry,1145850,103.000,0.000,0,25.000,"T:1145850, V:103, I:0 mA, Temp:25.00 C, STATE:0"
2026-04-17T13:56:44.592799,9.849,telemetry,1145860,103.000,0.000,0,25.000,"T:1145860, V:103, I:0 mA, Temp:25.00 C, STATE:0"
2026-04-17T13:56:44.632452,9.888,telemetry,1145870,103.000,0.000,0,24.800,"T:1145870, V:103, I:0 mA, Temp:24.80 C, STATE:0"
2026-04-17T13:56:44.674420,9.930,telemetry,1145880,103.000,0.000,0,24.800,"T:1145880, V:103, I:0 mA, Temp:24.80 C, STATE:0"
2026-04-17T13:56:44.714055,9.970,telemetry,1145890,103.000,0.000,0,24.800,"T:1145890, V:103, I:0 mA, Temp:24.80 C, STATE:0"
2026-04-17T13:56:44.756070,10.012,telemetry,1145900,103.000,0.000,0,24.800,"T:1145900, V:103, I:0 mA, Temp:24.80 C, STATE:0"
2026-04-17T13:56:44.796537,10.052,telemetry,1145910,103.000,0.000,0,25.000,"T:1145910, V:103, I:0 mA, Temp:25.00 C, STATE:0"
2026-04-17T13:56:44.837749,10.094,telemetry,1145920,103.000,0.000,0,25.000,"T:1145920, V:103, I:0 mA, Temp:25.00 C, STATE:0"
2026-04-17T13:56:44.877388,10.133,telemetry,1145930,103.000,0.000,0,25.000,"T:1145930, V:103, I:0 mA, Temp:25.00 C, STATE:0"
2026-04-17T13:56:44.919395,10.175,telemetry,1145940,103.000,0.000,0,25.000,"T:1145940, V:103, I:0 mA, Temp:25.00 C, STATE:0"
2026-04-17T13:56:44.959038,10.215,telemetry,1145950,103.000,0.000,0,25.000,"T:1145950, V:103, I:0 mA, Temp:25.00 C, STATE:0"
2026-04-17T13:56:45.001052,10.257,telemetry,1145960,103.000,0.000,0,25.000,"T:1145960, V:103, I:0 mA, Temp:25.00 C, STATE:0"
2026-04-17T13:56:45.040688,10.297,telemetry,1145970,103.000,0.000,0,25.000,"T:1145970, V:103, I:0 mA, Temp:25.00 C, STATE:0"
2026-04-17T13:56:45.082699,10.339,telemetry,1145980,103.000,0.000,0,25.000,"T:1145980, V:103, I:0 mA, Temp:25.00 C, STATE:0"
2026-04-17T13:56:45.122357,10.378,telemetry,1145990,103.000,0.000,0,24.800,"T:1145990, V:103, I:0 mA, Temp:24.80 C, STATE:0"
2026-04-17T13:56:45.163867,10.420,telemetry,1146000,103.000,0.000,0,24.800,"T:1146000, V:103, I:0 mA, Temp:24.80 C, STATE:0"
2026-04-17T13:56:45.203980,10.460,telemetry,1146010,103.000,0.000,0,24.800,"T:1146010, V:103, I:0 mA, Temp:24.80 C, STATE:0"
2026-04-17T13:56:45.245574,10.501,telemetry,1146020,103.000,0.000,0,24.800,"T:1146020, V:103, I:0 mA, Temp:24.80 C, STATE:0"
2026-04-17T13:56:45.285627,10.542,telemetry,1146030,103.000,0.000,0,24.800,"T:1146030, V:103, I:0 mA, Temp:24.80 C, STATE:0"
2026-04-17T13:56:45.327153,10.583,telemetry,1146040,103.000,0.000,0,24.800,"T:1146040, V:103, I:0 mA, Temp:24.80 C, STATE:0"
2026-04-17T13:56:45.367269,10.623,telemetry,1146050,103.000,0.000,0,24.800,"T:1146050, V:103, I:0 mA, Temp:24.80 C, STATE:0"
2026-04-17T13:56:45.409296,10.665,telemetry,1146060,103.000,0.000,0,24.800,"T:1146060, V:103, I:0 mA, Temp:24.80 C, STATE:0"
2026-04-17T13:56:45.448947,10.705,telemetry,1146070,103.000,0.000,0,24.960,"T:1146070, V:103, I:0 mA, Temp:24.96 C, STATE:0"
2026-04-17T13:56:45.490958,10.747,telemetry,1146080,103.000,0.000,0,24.960,"T:1146080, V:103, I:0 mA, Temp:24.96 C, STATE:0"
2026-04-17T13:56:45.530601,10.787,telemetry,1146090,103.000,0.000,0,24.960,"T:1146090, V:103, I:0 mA, Temp:24.96 C, STATE:0"
2026-04-17T13:56:45.572641,10.829,telemetry,1146100,103.000,0.000,0,24.960,"T:1146100, V:103, I:0 mA, Temp:24.96 C, STATE:0"
2026-04-17T13:56:45.612320,10.868,telemetry,1146110,103.000,0.000,0,24.960,"T:1146110, V:103, I:0 mA, Temp:24.96 C, STATE:0"
2026-04-17T13:56:45.654278,10.910,telemetry,1146120,103.000,0.000,0,24.960,"T:1146120, V:103, I:0 mA, Temp:24.96 C, STATE:0"
2026-04-17T13:56:45.693918,10.950,telemetry,1146130,103.000,0.000,0,24.960,"T:1146130, V:103, I:0 mA, Temp:24.96 C, STATE:0"
2026-04-17T13:56:45.735921,10.992,telemetry,1146140,103.000,0.000,0,24.960,"T:1146140, V:103, I:0 mA, Temp:24.96 C, STATE:0"
2026-04-17T13:56:45.775555,11.031,telemetry,1146150,103.000,0.000,0,24.770,"T:1146150, V:103, I:0 mA, Temp:24.77 C, STATE:0"
2026-04-17T13:56:45.817558,11.073,telemetry,1146160,103.000,0.000,0,24.770,"T:1146160, V:103, I:0 mA, Temp:24.77 C, STATE:0"
2026-04-17T13:56:45.857190,11.113,telemetry,1146170,103.000,0.000,0,24.960,"T:1146170, V:103, I:0 mA, Temp:24.96 C, STATE:0"
2026-04-17T13:56:45.899193,11.155,telemetry,1146180,103.000,0.000,0,24.960,"T:1146180, V:103, I:0 mA, Temp:24.96 C, STATE:0"
2026-04-17T13:56:45.938825,11.195,telemetry,1146190,103.000,0.000,0,24.770,"T:1146190, V:103, I:0 mA, Temp:24.77 C, STATE:0"
2026-04-17T13:56:45.980822,11.237,telemetry,1146200,103.000,0.000,0,24.770,"T:1146200, V:103, I:0 mA, Temp:24.77 C, STATE:0"
2026-04-17T13:56:46.020500,11.276,telemetry,1146210,103.000,0.000,0,24.960,"T:1146210, V:103, I:0 mA, Temp:24.96 C, STATE:0"
2026-04-17T13:56:46.062510,11.318,telemetry,1146220,103.000,0.000,0,24.960,"T:1146220, V:103, I:0 mA, Temp:24.96 C, STATE:0"
2026-04-17T13:56:46.102123,11.358,telemetry,1146230,103.000,0.000,0,24.960,"T:1146230, V:103, I:0 mA, Temp:24.96 C, STATE:0"
2026-04-17T13:56:46.144199,11.400,telemetry,1146240,103.000,0.000,0,24.960,"T:1146240, V:103, I:0 mA, Temp:24.96 C, STATE:0"
2026-04-17T13:56:46.183761,11.440,telemetry,1146250,103.000,0.000,0,24.960,"T:1146250, V:103, I:0 mA, Temp:24.96 C, STATE:0"
2026-04-17T13:56:46.225765,11.482,telemetry,1146260,103.000,0.000,0,24.960,"T:1146260, V:103, I:0 mA, Temp:24.96 C, STATE:0"
2026-04-17T13:56:46.265399,11.521,telemetry,1146270,103.000,0.000,0,24.960,"T:1146270, V:103, I:0 mA, Temp:24.96 C, STATE:0"
2026-04-17T13:56:46.307417,11.563,telemetry,1146280,103.000,0.000,0,24.960,"T:1146280, V:103, I:0 mA, Temp:24.96 C, STATE:0"
2026-04-17T13:56:46.347065,11.603,telemetry,1146290,103.000,0.000,0,24.960,"T:1146290, V:103, I:0 mA, Temp:24.96 C, STATE:0"
2026-04-17T13:56:46.389078,11.645,telemetry,1146300,103.000,0.000,0,24.960,"T:1146300, V:103, I:0 mA, Temp:24.96 C, STATE:0"
2026-04-17T13:56:46.428724,11.685,telemetry,1146310,103.000,0.000,0,24.770,"T:1146310, V:103, I:0 mA, Temp:24.77 C, STATE:0"
2026-04-17T13:56:46.470736,11.727,telemetry,1146320,103.000,0.000,0,24.770,"T:1146320, V:103, I:0 mA, Temp:24.77 C, STATE:0"
2026-04-17T13:56:46.510371,11.766,telemetry,1146330,103.000,0.000,0,24.960,"T:1146330, V:103, I:0 mA, Temp:24.96 C, STATE:0"
2026-04-17T13:56:46.552416,11.808,telemetry,1146340,103.000,0.000,0,24.960,"T:1146340, V:103, I:0 mA, Temp:24.96 C, STATE:0"
2026-04-17T13:56:46.592031,11.848,telemetry,1146350,103.000,0.000,0,24.960,"T:1146350, V:103, I:0 mA, Temp:24.96 C, STATE:0"
2026-04-17T13:56:46.634050,11.890,telemetry,1146360,103.000,0.000,0,24.960,"T:1146360, V:103, I:0 mA, Temp:24.96 C, STATE:0"
2026-04-17T13:56:46.673674,11.930,telemetry,1146370,103.000,0.000,0,24.960,"T:1146370, V:103, I:0 mA, Temp:24.96 C, STATE:0"
2026-04-17T13:56:46.715704,11.972,telemetry,1146380,103.000,0.000,0,24.960,"T:1146380, V:103, I:0 mA, Temp:24.96 C, STATE:0"
2026-04-17T13:56:46.755328,12.011,telemetry,1146390,103.000,0.000,0,24.960,"T:1146390, V:103, I:0 mA, Temp:24.96 C, STATE:0"
2026-04-17T13:56:46.797343,12.053,telemetry,1146400,103.000,0.000,0,24.960,"T:1146400, V:103, I:0 mA, Temp:24.96 C, STATE:0"
2026-04-17T13:56:46.836992,12.093,telemetry,1146410,103.000,0.000,0,24.960,"T:1146410, V:103, I:0 mA, Temp:24.96 C, STATE:0"
2026-04-17T13:56:46.879007,12.135,telemetry,1146420,103.000,0.000,0,24.960,"T:1146420, V:103, I:0 mA, Temp:24.96 C, STATE:0"
2026-04-17T13:56:46.918657,12.175,telemetry,1146430,103.000,0.000,0,24.960,"T:1146430, V:103, I:0 mA, Temp:24.96 C, STATE:0"
2026-04-17T13:56:46.960689,12.217,telemetry,1146440,103.000,0.000,0,24.960,"T:1146440, V:103, I:0 mA, Temp:24.96 C, STATE:0"
2026-04-17T13:56:47.000372,12.256,telemetry,1146450,103.000,0.000,0,24.960,"T:1146450, V:103, I:0 mA, Temp:24.96 C, STATE:0"
2026-04-17T13:56:47.042342,12.298,telemetry,1146460,103.000,0.000,0,24.960,"T:1146460, V:103, I:0 mA, Temp:24.96 C, STATE:0"
2026-04-17T13:56:47.081987,12.338,telemetry,1146470,103.000,0.000,0,24.960,"T:1146470, V:103, I:0 mA, Temp:24.96 C, STATE:0"
2026-04-17T13:56:47.124017,12.380,telemetry,1146480,103.000,0.000,0,24.960,"T:1146480, V:103, I:0 mA, Temp:24.96 C, STATE:0"
2026-04-17T13:56:47.163669,12.420,telemetry,1146490,103.000,0.000,0,24.960,"T:1146490, V:103, I:0 mA, Temp:24.96 C, STATE:0"
2026-04-17T13:56:47.205708,12.462,telemetry,1146500,103.000,0.000,0,24.960,"T:1146500, V:103, I:0 mA, Temp:24.96 C, STATE:0"
2026-04-17T13:56:47.245326,12.501,telemetry,1146510,103.000,0.000,0,24.960,"T:1146510, V:103, I:0 mA, Temp:24.96 C, STATE:0"
2026-04-17T13:56:47.287343,12.543,telemetry,1146520,103.000,0.000,0,24.960,"T:1146520, V:103, I:0 mA, Temp:24.96 C, STATE:0"
2026-04-17T13:56:47.326971,12.583,telemetry,1146530,103.000,0.000,0,24.960,"T:1146530, V:103, I:0 mA, Temp:24.96 C, STATE:0"
2026-04-17T13:56:47.368988,12.625,telemetry,1146540,103.000,0.000,0,24.960,"T:1146540, V:103, I:0 mA, Temp:24.96 C, STATE:0"
2026-04-17T13:56:47.408631,12.665,telemetry,1146550,103.000,0.000,0,24.960,"T:1146550, V:103, I:0 mA, Temp:24.96 C, STATE:0"
2026-04-17T13:56:47.450635,12.707,telemetry,1146560,103.000,0.000,0,24.960,"T:1146560, V:103, I:0 mA, Temp:24.96 C, STATE:0"
2026-04-17T13:56:47.490272,12.746,telemetry,1146570,103.000,0.000,0,24.770,"T:1146570, V:103, I:0 mA, Temp:24.77 C, STATE:0"
2026-04-17T13:56:47.532339,12.788,telemetry,1146580,103.000,0.000,0,24.770,"T:1146580, V:103, I:0 mA, Temp:24.77 C, STATE:0"
2026-04-17T13:56:47.571940,12.828,telemetry,1146590,103.000,0.000,0,24.960,"T:1146590, V:103, I:0 mA, Temp:24.96 C, STATE:0"
2026-04-17T13:56:47.613944,12.870,telemetry,1146600,103.000,0.000,0,24.960,"T:1146600, V:103, I:0 mA, Temp:24.96 C, STATE:0"
2026-04-17T13:56:47.653582,12.910,telemetry,1146610,103.000,0.000,0,24.960,"T:1146610, V:103, I:0 mA, Temp:24.96 C, STATE:0"
2026-04-17T13:56:47.695602,12.952,telemetry,1146620,103.000,0.000,0,24.960,"T:1146620, V:103, I:0 mA, Temp:24.96 C, STATE:0"
2026-04-17T13:56:47.735239,12.991,telemetry,1146630,103.000,0.000,0,24.960,"T:1146630, V:103, I:0 mA, Temp:24.96 C, STATE:0"
2026-04-17T13:56:47.777256,13.033,telemetry,1146640,103.000,0.000,0,24.960,"T:1146640, V:103, I:0 mA, Temp:24.96 C, STATE:0"
2026-04-17T13:56:47.816896,13.073,telemetry,1146650,103.000,0.000,0,24.960,"T:1146650, V:103, I:0 mA, Temp:24.96 C, STATE:0"
2026-04-17T13:56:47.858916,13.115,telemetry,1146660,103.000,0.000,0,24.960,"T:1146660, V:103, I:0 mA, Temp:24.96 C, STATE:0"
2026-04-17T13:56:47.898574,13.154,telemetry,1146670,103.000,0.000,0,24.770,"T:1146670, V:103, I:0 mA, Temp:24.77 C, STATE:0"
2026-04-17T13:56:47.940583,13.197,telemetry,1146680,103.000,0.000,0,24.770,"T:1146680, V:103, I:0 mA, Temp:24.77 C, STATE:0"
2026-04-17T13:56:47.980263,13.236,telemetry,1146690,103.000,0.000,0,24.960,"T:1146690, V:103, I:0 mA, Temp:24.96 C, STATE:0"
2026-04-17T13:56:48.022243,13.278,telemetry,1146700,103.000,0.000,0,24.960,"T:1146700, V:103, I:0 mA, Temp:24.96 C, STATE:0"
2026-04-17T13:56:48.061889,13.318,telemetry,1146710,103.000,0.000,0,24.960,"T:1146710, V:103, I:0 mA, Temp:24.96 C, STATE:0"
2026-04-17T13:56:48.103919,13.360,telemetry,1146720,103.000,0.000,0,24.960,"T:1146720, V:103, I:0 mA, Temp:24.96 C, STATE:0"
2026-04-17T13:56:48.143562,13.399,telemetry,1146730,103.000,0.000,0,24.960,"T:1146730, V:103, I:0 mA, Temp:24.96 C, STATE:0"
2026-04-17T13:56:48.185574,13.441,telemetry,1146740,103.000,0.000,0,24.960,"T:1146740, V:103, I:0 mA, Temp:24.96 C, STATE:0"
2026-04-17T13:56:48.225250,13.481,telemetry,1146750,103.000,0.000,0,24.960,"T:1146750, V:103, I:0 mA, Temp:24.96 C, STATE:0"
2026-04-17T13:56:48.267232,13.523,telemetry,1146760,103.000,0.000,0,24.960,"T:1146760, V:103, I:0 mA, Temp:24.96 C, STATE:0"
2026-04-17T13:56:48.306880,13.563,telemetry,1146770,103.000,0.000,0,24.960,"T:1146770, V:103, I:0 mA, Temp:24.96 C, STATE:0"
2026-04-17T13:56:48.348888,13.605,telemetry,1146780,103.000,0.000,0,24.960,"T:1146780, V:103, I:0 mA, Temp:24.96 C, STATE:0"
2026-04-17T13:56:48.388543,13.644,telemetry,1146790,103.000,0.000,0,24.960,"T:1146790, V:103, I:0 mA, Temp:24.96 C, STATE:0"
2026-04-17T13:56:48.430546,13.686,telemetry,1146800,103.000,0.000,0,24.960,"T:1146800, V:103, I:0 mA, Temp:24.96 C, STATE:0"
2026-04-17T13:56:48.470205,13.726,telemetry,1146810,103.000,0.000,0,24.960,"T:1146810, V:103, I:0 mA, Temp:24.96 C, STATE:0"
2026-04-17T13:56:48.512249,13.768,telemetry,1146820,103.000,0.000,0,24.960,"T:1146820, V:103, I:0 mA, Temp:24.96 C, STATE:0"
2026-04-17T13:56:48.551863,13.808,telemetry,1146830,103.000,0.000,0,24.960,"T:1146830, V:103, I:0 mA, Temp:24.96 C, STATE:0"
2026-04-17T13:56:48.593893,13.850,telemetry,1146840,103.000,0.000,0,24.960,"T:1146840, V:103, I:0 mA, Temp:24.96 C, STATE:0"
2026-04-17T13:56:48.633548,13.889,telemetry,1146850,103.000,0.000,0,24.960,"T:1146850, V:103, I:0 mA, Temp:24.96 C, STATE:0"
2026-04-17T13:56:48.675617,13.932,telemetry,1146860,103.000,0.000,0,24.960,"T:1146860, V:103, I:0 mA, Temp:24.96 C, STATE:0"
2026-04-17T13:56:48.715203,13.971,telemetry,1146870,103.000,0.000,0,24.960,"T:1146870, V:103, I:0 mA, Temp:24.96 C, STATE:0"
2026-04-17T13:56:48.757230,14.013,telemetry,1146880,103.000,0.000,0,24.960,"T:1146880, V:103, I:0 mA, Temp:24.96 C, STATE:0"
2026-04-17T13:56:48.796883,14.053,telemetry,1146890,103.000,0.000,0,24.770,"T:1146890, V:103, I:0 mA, Temp:24.77 C, STATE:0"
2026-04-17T13:56:48.838922,14.095,telemetry,1146900,103.000,0.000,0,24.770,"T:1146900, V:103, I:0 mA, Temp:24.77 C, STATE:0"
2026-04-17T13:56:48.878565,14.134,telemetry,1146910,103.000,0.000,0,24.960,"T:1146910, V:103, I:0 mA, Temp:24.96 C, STATE:0"
2026-04-17T13:56:48.920588,14.177,telemetry,1146920,103.000,0.000,0,24.960,"T:1146920, V:103, I:0 mA, Temp:24.96 C, STATE:0"
2026-04-17T13:56:48.960273,14.216,telemetry,1146930,103.000,0.000,0,24.960,"T:1146930, V:103, I:0 mA, Temp:24.96 C, STATE:0"
2026-04-17T13:56:49.002255,14.258,telemetry,1146940,103.000,0.000,0,24.960,"T:1146940, V:103, I:0 mA, Temp:24.96 C, STATE:0"
2026-04-17T13:56:49.041896,14.298,telemetry,1146950,103.000,0.000,0,24.960,"T:1146950, V:103, I:0 mA, Temp:24.96 C, STATE:0"
2026-04-17T13:56:49.083918,14.340,telemetry,1146960,103.000,0.000,0,24.960,"T:1146960, V:103, I:0 mA, Temp:24.96 C, STATE:0"
2026-04-17T13:56:49.123588,14.380,telemetry,1146970,103.000,0.000,0,24.770,"T:1146970, V:103, I:0 mA, Temp:24.77 C, STATE:0"
2026-04-17T13:56:49.165581,14.422,telemetry,1146980,103.000,0.000,0,24.770,"T:1146980, V:103, I:0 mA, Temp:24.77 C, STATE:0"
2026-04-17T13:56:49.205238,14.461,telemetry,1146990,103.000,0.000,0,24.960,"T:1146990, V:103, I:0 mA, Temp:24.96 C, STATE:0"
2026-04-17T13:56:49.246776,14.503,telemetry,1147000,103.000,0.000,0,24.960,"T:1147000, V:103, I:0 mA, Temp:24.96 C, STATE:0"
2026-04-17T13:56:49.286938,14.543,telemetry,1147010,103.000,0.000,0,24.960,"T:1147010, V:103, I:0 mA, Temp:24.96 C, STATE:0"
2026-04-17T13:56:49.328534,14.584,telemetry,1147020,103.000,0.000,0,24.960,"T:1147020, V:103, I:0 mA, Temp:24.96 C, STATE:0"
2026-04-17T13:56:49.368556,14.624,telemetry,1147030,103.000,0.000,0,24.960,"T:1147030, V:103, I:0 mA, Temp:24.96 C, STATE:0"
2026-04-17T13:56:49.410100,14.666,telemetry,1147040,103.000,0.000,0,24.960,"T:1147040, V:103, I:0 mA, Temp:24.96 C, STATE:0"
2026-04-17T13:56:49.450228,14.706,telemetry,1147050,103.000,0.000,0,24.960,"T:1147050, V:103, I:0 mA, Temp:24.96 C, STATE:0"
2026-04-17T13:56:49.492290,14.748,telemetry,1147060,103.000,0.000,0,24.960,"T:1147060, V:103, I:0 mA, Temp:24.96 C, STATE:0"
2026-04-17T13:56:49.531894,14.788,telemetry,1147070,103.000,0.000,0,24.960,"T:1147070, V:103, I:0 mA, Temp:24.96 C, STATE:0"
2026-04-17T13:56:49.573929,14.830,telemetry,1147080,103.000,0.000,0,24.960,"T:1147080, V:103, I:0 mA, Temp:24.96 C, STATE:0"
2026-04-17T13:56:49.613565,14.869,telemetry,1147090,103.000,0.000,0,24.960,"T:1147090, V:103, I:0 mA, Temp:24.96 C, STATE:0"
2026-04-17T13:56:49.655587,14.912,telemetry,1147100,103.000,0.000,0,24.960,"T:1147100, V:103, I:0 mA, Temp:24.96 C, STATE:0"
2026-04-17T13:56:49.695219,14.951,telemetry,1147110,103.000,0.000,0,24.960,"T:1147110, V:103, I:0 mA, Temp:24.96 C, STATE:0"
2026-04-17T13:56:49.737242,14.993,telemetry,1147120,103.000,0.000,0,24.960,"T:1147120, V:103, I:0 mA, Temp:24.96 C, STATE:0"
2026-04-17T13:56:49.776878,15.033,telemetry,1147130,103.000,0.000,0,24.960,"T:1147130, V:103, I:0 mA, Temp:24.96 C, STATE:0"
2026-04-17T13:56:49.818908,15.075,telemetry,1147140,103.000,0.000,0,24.960,"T:1147140, V:103, I:0 mA, Temp:24.96 C, STATE:0"
2026-04-17T13:56:49.858543,15.114,telemetry,1147150,103.000,0.000,0,24.770,"T:1147150, V:103, I:0 mA, Temp:24.77 C, STATE:0"
2026-04-17T13:56:49.900560,15.156,telemetry,1147160,103.000,0.000,0,24.770,"T:1147160, V:103, I:0 mA, Temp:24.77 C, STATE:0"
2026-04-17T13:56:49.940224,15.196,telemetry,1147170,103.000,0.000,0,24.960,"T:1147170, V:103, I:0 mA, Temp:24.96 C, STATE:0"
2026-04-17T13:56:49.982213,15.238,telemetry,1147180,103.000,0.000,0,24.960,"T:1147180, V:103, I:0 mA, Temp:24.96 C, STATE:0"
2026-04-17T13:56:50.021862,15.278,telemetry,1147190,103.000,0.000,0,24.960,"T:1147190, V:103, I:0 mA, Temp:24.96 C, STATE:0"
2026-04-17T13:56:50.063892,15.320,telemetry,1147200,103.000,0.000,0,24.960,"T:1147200, V:103, I:0 mA, Temp:24.96 C, STATE:0"
2026-04-17T13:56:50.103541,15.359,telemetry,1147210,103.000,0.000,0,24.960,"T:1147210, V:103, I:0 mA, Temp:24.96 C, STATE:0"
2026-04-17T13:56:50.145561,15.401,telemetry,1147220,103.000,0.000,0,24.960,"T:1147220, V:103, I:0 mA, Temp:24.96 C, STATE:0"
2026-04-17T13:56:50.185201,15.441,telemetry,1147230,103.000,0.000,0,24.960,"T:1147230, V:103, I:0 mA, Temp:24.96 C, STATE:0"
2026-04-17T13:56:50.227217,15.483,telemetry,1147240,103.000,0.000,0,24.960,"T:1147240, V:103, I:0 mA, Temp:24.96 C, STATE:0"
2026-04-17T13:56:50.266869,15.523,telemetry,1147250,103.000,0.000,0,24.960,"T:1147250, V:103, I:0 mA, Temp:24.96 C, STATE:0"
2026-04-17T13:56:50.308916,15.565,telemetry,1147260,103.000,0.000,0,24.960,"T:1147260, V:103, I:0 mA, Temp:24.96 C, STATE:0"
2026-04-17T13:56:50.348556,15.604,telemetry,1147270,103.000,0.000,0,24.960,"T:1147270, V:103, I:0 mA, Temp:24.96 C, STATE:0"
2026-04-17T13:56:50.390535,15.646,telemetry,1147280,103.000,0.000,0,24.960,"T:1147280, V:103, I:0 mA, Temp:24.96 C, STATE:0"
2026-04-17T13:56:50.430178,15.686,telemetry,1147290,103.000,0.000,0,24.960,"T:1147290, V:103, I:0 mA, Temp:24.96 C, STATE:0"
2026-04-17T13:56:50.472223,15.728,telemetry,1147300,103.000,0.000,0,24.960,"T:1147300, V:103, I:0 mA, Temp:24.96 C, STATE:0"
2026-04-17T13:56:50.511833,15.768,telemetry,1147310,103.000,0.000,0,24.960,"T:1147310, V:103, I:0 mA, Temp:24.96 C, STATE:0"
2026-04-17T13:56:50.553843,15.810,telemetry,1147320,103.000,0.000,0,24.960,"T:1147320, V:103, I:0 mA, Temp:24.96 C, STATE:0"
2026-04-17T13:56:50.593497,15.849,telemetry,1147330,103.000,0.000,0,24.960,"T:1147330, V:103, I:0 mA, Temp:24.96 C, STATE:0"
2026-04-17T13:56:50.635535,15.891,telemetry,1147340,103.000,0.000,0,24.960,"T:1147340, V:103, I:0 mA, Temp:24.96 C, STATE:0"
2026-04-17T13:56:50.675152,15.931,telemetry,1147350,103.000,0.000,0,24.960,"T:1147350, V:103, I:0 mA, Temp:24.96 C, STATE:0"
2026-04-17T13:56:50.717171,15.973,telemetry,1147360,103.000,0.000,0,24.960,"T:1147360, V:103, I:0 mA, Temp:24.96 C, STATE:0"
2026-04-17T13:56:50.756805,16.013,telemetry,1147370,103.000,0.000,0,24.960,"T:1147370, V:103, I:0 mA, Temp:24.96 C, STATE:0"
2026-04-17T13:56:50.798822,16.055,telemetry,1147380,103.000,0.000,0,24.960,"T:1147380, V:103, I:0 mA, Temp:24.96 C, STATE:0"
